,Name,Price,Rating,Number Of Rating,Number Of Reviews,Link
,,,,,,
0,"Infinix Hot 9 Pro (Violet, 64 GB)  (4 GB RAM)","10,499",4.5,"32,768 Ratings "," 2,525 Reviews",https://www.flipkart.com/infinix-hot-9-pro-violet-64-gb/p/itm1bc9e9eef4559?pid=MOBFQ3DPGYFSJ3SP&lid=LSTMOBFQ3DPGYFSJ3SPQ0HUL6&marketplace=FLIPKART&srno=b_1_1&otracker=browse&fm=organic&iid=d4959cb4-9b43-4ca5-a01a-f15fe4a6f967.MOBFQ3DPGYFSJ3SP.SEARCH&ssid=kwtj2t1slc0000001599323466717
,,,,,,
1,"Infinix Hot 9 (Quetzal Cyan, 64 GB)  (4 GB RAM)","9,499",4.5,"45,590 Ratings "," 2,964 Reviews",https://www.flipkart.com/infinix-hot-9-quetzal-cyan-64-gb/p/itm9d816e65b5dc4?pid=MOBFUXN5NCFVFXGQ&lid=LSTMOBFUXN5NCFVFXGQGL9G4Z&marketplace=FLIPKART&srno=b_1_2&otracker=browse&fm=organic&iid=d4959cb4-9b43-4ca5-a01a-f15fe4a6f967.MOBFUXN5NCFVFXGQ.SEARCH&ssid=kwtj2t1slc0000001599323466717
,,,,,,
2,"Infinix Hot 9 Pro (Ocean Wave, 64 GB)  (4 GB RAM)","10,499",4.5,"32,768 Ratings "," 2,525 Reviews",https://www.flipkart.com/infinix-hot-9-pro-ocean-wave-64-gb/p/itm1bc9e9eef4559?pid=MOBFQ3DPHDM5RYKJ&lid=LSTMOBFQ3DPHDM5RYKJIF7Q7P&marketplace=FLIPKART&srno=b_1_3&otracker=browse&fm=organic&iid=d4959cb4-9b43-4ca5-a01a-f15fe4a6f967.MOBFQ3DPHDM5RYKJ.SEARCH&ssid=kwtj2t1slc0000001599323466717
,,,,,,
3,"Infinix Smart 4 Plus (Midnight Black, 32 GB)  (3 GB RAM)","7,999",4.4,"35,135 Ratings "," 3,139 Reviews",https://www.flipkart.com/infinix-smart-4-plus-midnight-black-32-gb/p/itmd387f45cb474a?pid=MOBFTGWBCSZ3QGJW&lid=LSTMOBFTGWBCSZ3QGJWRNJBND&marketplace=FLIPKART&srno=b_1_4&otracker=browse&fm=organic&iid=d4959cb4-9b43-4ca5-a01a-f15fe4a6f967.MOBFTGWBCSZ3QGJW.SEARCH&ssid=kwtj2t1slc0000001599323466717
,,,,,,
4,"Infinix Smart 4 Plus (Ocean Wave, 32 GB)  (3 GB RAM)","7,999",4.4,"35,135 Ratings "," 3,139 Reviews",https://www.flipkart.com/infinix-smart-4-plus-ocean-wave-32-gb/p/itmd387f45cb474a?pid=MOBFTGWBPGDPZYGH&lid=LSTMOBFTGWBPGDPZYGH2E67R5&marketplace=FLIPKART&srno=b_1_5&otracker=browse&fm=organic&iid=d4959cb4-9b43-4ca5-a01a-f15fe4a6f967.MOBFTGWBPGDPZYGH.SEARCH&ssid=kwtj2t1slc0000001599323466717
,,,,,,
5,"Infinix Smart 4 Plus (Violet, 32 GB)  (3 GB RAM)","7,999",4.4,"35,135 Ratings "," 3,139 Reviews",https://www.flipkart.com/infinix-smart-4-plus-violet-32-gb/p/itmd387f45cb474a?pid=MOBFTGWBY7CAEUHG&lid=LSTMOBFTGWBY7CAEUHGGHK9LS&marketplace=FLIPKART&srno=b_1_6&otracker=browse&fm=organic&iid=d4959cb4-9b43-4ca5-a01a-f15fe4a6f967.MOBFTGWBY7CAEUHG.SEARCH&ssid=kwtj2t1slc0000001599323466717
,,,,,,
6,"Infinix Note 5 Stylus (Charcoal Blue, 64 GB)  (4 GB RAM)","16,999",3.9,"2,303 Ratings ", 330 Reviews,https://www.flipkart.com/infinix-note-5-stylus-charcoal-blue-64-gb/p/itmfb2byf2ghgesf?pid=MOBFB2BVN5YHYG8U&lid=LSTMOBFB2BVN5YHYG8UNKM1XU&marketplace=FLIPKART&srno=b_1_7&otracker=browse&fm=organic&iid=d4959cb4-9b43-4ca5-a01a-f15fe4a6f967.MOBFB2BVN5YHYG8U.SEARCH&ssid=kwtj2t1slc0000001599323466717
,,,,,,
7,"Infinix Note 5 Stylus (Bordeaux Red, 64 GB)  (4 GB RAM)","16,999",3.9,"2,303 Ratings ", 330 Reviews,https://www.flipkart.com/infinix-note-5-stylus-bordeaux-red-64-gb/p/itmfb2byf2ghgesf?pid=MOBFB2BVHAGGGBTH&lid=LSTMOBFB2BVHAGGGBTHIKIVXA&marketplace=FLIPKART&srno=b_1_8&otracker=browse&fm=organic&iid=d4959cb4-9b43-4ca5-a01a-f15fe4a6f967.MOBFB2BVHAGGGBTH.SEARCH&ssid=kwtj2t1slc0000001599323466717
,,,,,,
8,"Infinix Hot 9 (Violet, 64 GB)  (4 GB RAM)","9,499",4.5,"45,590 Ratings "," 2,965 Reviews",https://www.flipkart.com/infinix-hot-9-violet-64-gb/p/itm9d816e65b5dc4?pid=MOBFQ3DPMQHHTMBZ&lid=LSTMOBFQ3DPMQHHTMBZTNJSFM&marketplace=FLIPKART&srno=b_1_9&otracker=browse&fm=organic&iid=d4959cb4-9b43-4ca5-a01a-f15fe4a6f967.MOBFQ3DPMQHHTMBZ.SEARCH&ssid=kwtj2t1slc0000001599323466717
,,,,,,
9,"Infinix Hot 9 (Ocean Wave, 64 GB)  (4 GB RAM)","9,499",4.5,"45,590 Ratings "," 2,964 Reviews",https://www.flipkart.com/infinix-hot-9-ocean-wave-64-gb/p/itm9d816e65b5dc4?pid=MOBFQ3DPNX8HYHBH&lid=LSTMOBFQ3DPNX8HYHBHRFL6NZ&marketplace=FLIPKART&srno=b_1_10&otracker=browse&fm=organic&iid=d4959cb4-9b43-4ca5-a01a-f15fe4a6f967.MOBFQ3DPNX8HYHBH.SEARCH&ssid=kwtj2t1slc0000001599323466717
,,,,,,
10,"Infinix S5 Pro (Sea Blue, 64 GB)  (4 GB RAM)","11,499",4.4,"19,850 Ratings "," 1,914 Reviews",https://www.flipkart.com/infinix-s5-pro-sea-blue-64-gb/p/itmff12bcc4ef407?pid=MOBFQ36BQN6U4DSS&lid=LSTMOBFQ36BQN6U4DSSLPCHND&marketplace=FLIPKART&srno=b_1_11&otracker=browse&fm=organic&iid=d4959cb4-9b43-4ca5-a01a-f15fe4a6f967.MOBFQ36BQN6U4DSS.SEARCH&ssid=kwtj2t1slc0000001599323466717
,,,,,,
11,"Infinix S5 Pro (Forest Green, 64 GB)  (4 GB RAM)","11,499",4.4,"19,850 Ratings "," 1,914 Reviews",https://www.flipkart.com/infinix-s5-pro-forest-green-64-gb/p/itmff12bcc4ef407?pid=MOBFZGMSGRHWN5YZ&lid=LSTMOBFZGMSGRHWN5YZ59O5YR&marketplace=FLIPKART&srno=b_1_12&otracker=browse&fm=organic&iid=d4959cb4-9b43-4ca5-a01a-f15fe4a6f967.MOBFZGMSGRHWN5YZ.SEARCH&ssid=kwtj2t1slc0000001599323466717
,,,,,,
12,"Infinix S5 Pro (Violet, 64 GB)  (4 GB RAM)","11,499",4.4,"19,850 Ratings "," 1,914 Reviews",https://www.flipkart.com/infinix-s5-pro-violet-64-gb/p/itmff12bcc4ef407?pid=MOBFZGMSTYBKQQZY&lid=LSTMOBFZGMSTYBKQQZYWPYN21&marketplace=FLIPKART&srno=b_1_13&otracker=browse&fm=organic&iid=d4959cb4-9b43-4ca5-a01a-f15fe4a6f967.MOBFZGMSTYBKQQZY.SEARCH&ssid=kwtj2t1slc0000001599323466717
,,,,,,
13,"Infinix Note 5 (Berlin Gray, 32 GB)  (3 GB RAM)","7,599",4.2,"34,913 Ratings "," 5,925 Reviews",https://www.flipkart.com/infinix-note-5-berlin-gray-32-gb/p/itmf84r83q9zz8x6?pid=MOBF84R8KTMS8MHB&lid=LSTMOBF84R8KTMS8MHB2BGB44&marketplace=FLIPKART&srno=b_1_14&otracker=browse&fm=organic&iid=d4959cb4-9b43-4ca5-a01a-f15fe4a6f967.MOBF84R8KTMS8MHB.SEARCH&ssid=kwtj2t1slc0000001599323466717
,,,,,,
14,"Infinix Hot 8 (Cosmic Purple, 64 GB)  (4 GB RAM)","8,499",4.5,"2,51,383 Ratings "," 35,262 Reviews",https://www.flipkart.com/infinix-hot-8-cosmic-purple-64-gb/p/itm176568dde7f63?pid=MOBFJJJV9QB8P4EU&lid=LSTMOBFJJJV9QB8P4EURBGGNV&marketplace=FLIPKART&srno=b_1_15&otracker=browse&fm=organic&iid=d4959cb4-9b43-4ca5-a01a-f15fe4a6f967.MOBFJJJV9QB8P4EU.SEARCH&ssid=kwtj2t1slc0000001599323466717
,,,,,,
15,"Infinix Hot 8 (Quetzal Cyan, 64 GB)  (4 GB RAM)","8,499",4.5,"2,51,383 Ratings "," 35,262 Reviews",https://www.flipkart.com/infinix-hot-8-quetzal-cyan-64-gb/p/itm176568dde7f63?pid=MOBFJJJVH6QYNE3P&lid=LSTMOBFJJJVH6QYNE3PL86ZA6&marketplace=FLIPKART&srno=b_1_16&otracker=browse&fm=organic&iid=d4959cb4-9b43-4ca5-a01a-f15fe4a6f967.MOBFJJJVH6QYNE3P.SEARCH&ssid=kwtj2t1slc0000001599323466717
,,,,,,
16,"Infinix Hot 8 (Shark Grey, 64 GB)  (4 GB RAM)","8,499",4.5,"2,51,383 Ratings "," 35,262 Reviews",https://www.flipkart.com/infinix-hot-8-shark-grey-64-gb/p/itm176568dde7f63?pid=MOBFJJJVUFPVBAGC&lid=LSTMOBFJJJVUFPVBAGC5GJHX2&marketplace=FLIPKART&srno=b_1_17&otracker=browse&fm=organic&iid=d4959cb4-9b43-4ca5-a01a-f15fe4a6f967.MOBFJJJVUFPVBAGC.SEARCH&ssid=kwtj2t1slc0000001599323466717
,,,,,,
17,"Infinix Hot S3X (Aqua Blue, 32 GB)  (3 GB RAM)","10,999",4.2,"17,204 Ratings "," 2,590 Reviews",https://www.flipkart.com/infinix-hot-s3x-aqua-blue-32-gb/p/itmfaqv6agscjwyx?pid=MOBF9V6QKZSKT73X&lid=LSTMOBF9V6QKZSKT73XGBDDCN&marketplace=FLIPKART&srno=b_1_18&otracker=browse&fm=organic&iid=d4959cb4-9b43-4ca5-a01a-f15fe4a6f967.MOBF9V6QKZSKT73X.SEARCH&ssid=kwtj2t1slc0000001599323466717
,,,,,,
18,"Infinix Hot S3X (Tradew Gray, 32 GB)  (3 GB RAM)","10,999",4.2,"17,204 Ratings "," 2,590 Reviews",https://www.flipkart.com/infinix-hot-s3x-tradew-gray-32-gb/p/itmfaqv6agscjwyx?pid=MOBF9V6QY25HUTHX&lid=LSTMOBF9V6QY25HUTHXRDMWBM&marketplace=FLIPKART&srno=b_1_19&otracker=browse&fm=organic&iid=d4959cb4-9b43-4ca5-a01a-f15fe4a6f967.MOBF9V6QY25HUTHX.SEARCH&ssid=kwtj2t1slc0000001599323466717
,,,,,,
19,"Infinix Hot S3X (Milan Black, 32 GB)  (3 GB RAM)","10,999",4.2,"17,204 Ratings "," 2,590 Reviews",https://www.flipkart.com/infinix-hot-s3x-milan-black-32-gb/p/itmfaqv6agscjwyx?pid=MOBF9V6QYJDGYW3W&lid=LSTMOBF9V6QYJDGYW3WUF6NPL&marketplace=FLIPKART&srno=b_1_20&otracker=browse&fm=organic&iid=d4959cb4-9b43-4ca5-a01a-f15fe4a6f967.MOBF9V6QYJDGYW3W.SEARCH&ssid=kwtj2t1slc0000001599323466717
,,,,,,
20,"Infinix Smart 2 (Bordeaux Red, 32 GB)  (3 GB RAM)","7,999",4,"35,635 Ratings "," 4,021 Reviews",https://www.flipkart.com/infinix-smart-2-bordeaux-red-32-gb/p/itmf7wy6w29wymyp?pid=MOBF7F4YPXCRJ8UJ&lid=LSTMOBF7F4YPXCRJ8UJCCVYAG&marketplace=FLIPKART&srno=b_1_21&otracker=browse&fm=organic&iid=d4959cb4-9b43-4ca5-a01a-f15fe4a6f967.MOBF7F4YPXCRJ8UJ.SEARCH&ssid=kwtj2t1slc0000001599323466717
,,,,,,
21,"Infinix Hot 7 (Midnight Black, 64 GB)  (4 GB RAM)","9,999",4.2,"26,135 Ratings "," 3,482 Reviews",https://www.flipkart.com/infinix-hot-7-midnight-black-64-gb/p/itmfhvqduy3nrcuu?pid=MOBFHVQDJABWUVCV&lid=LSTMOBFHVQDJABWUVCVLRYA3F&marketplace=FLIPKART&srno=b_1_22&otracker=browse&fm=organic&iid=d4959cb4-9b43-4ca5-a01a-f15fe4a6f967.MOBFHVQDJABWUVCV.SEARCH&ssid=kwtj2t1slc0000001599323466717
,,,,,,
22,"Infinix Smart 2 (Sandstone Black, 32 GB)  (3 GB RAM)","7,499",4,"35,635 Ratings "," 4,021 Reviews",https://www.flipkart.com/infinix-smart-2-sandstone-black-32-gb/p/itmf7wy6w29wymyp?pid=MOBF7F4YZEJZGYTB&lid=LSTMOBF7F4YZEJZGYTBQYYUWE&marketplace=FLIPKART&srno=b_1_23&otracker=browse&fm=organic&iid=d4959cb4-9b43-4ca5-a01a-f15fe4a6f967.MOBF7F4YZEJZGYTB.SEARCH&ssid=kwtj2t1slc0000001599323466717
,,,,,,
23,"Infinix Smart 2 (Serene Gold, 32 GB)  (3 GB RAM)","7,499",4,"35,635 Ratings "," 4,021 Reviews",https://www.flipkart.com/infinix-smart-2-serene-gold-32-gb/p/itmf7wy6w29wymyp?pid=MOBF7F4YZVCTAWYU&lid=LSTMOBF7F4YZVCTAWYUKWVFH4&marketplace=FLIPKART&srno=b_1_24&otracker=browse&fm=organic&iid=d4959cb4-9b43-4ca5-a01a-f15fe4a6f967.MOBF7F4YZVCTAWYU.SEARCH&ssid=kwtj2t1slc0000001599323466717
,,,,,,
24,"Infinix Smart 3 Plus (Sapphire Cyan, 32 GB)  (2 GB RAM)","7,499",4.2,"78,039 Ratings "," 10,486 Reviews",https://www.flipkart.com/infinix-smart-3-plus-sapphire-cyan-32-gb/p/itmffnu4txbsjzem?pid=MOBFFNU4JG5YHMFG&lid=LSTMOBFFNU4JG5YHMFGFH6JJZ&marketplace=FLIPKART&srno=b_2_25&otracker=browse&fm=organic&iid=422e3eaa-b3a1-492e-947b-9f9f43c20943.MOBFFNU4JG5YHMFG.SEARCH&ssid=3hk9kbf6mo0000001599323471600
,,,,,,
25,"Infinix S4 (Space Gray, 32 GB)  (3 GB RAM)","9,599",4.2,"27,885 Ratings "," 3,929 Reviews",https://www.flipkart.com/infinix-s4-space-gray-32-gb/p/itmfgju8hzamxzxx?pid=MOBFGJU8V3JMCZ5Z&lid=LSTMOBFGJU8V3JMCZ5ZWBXFD1&marketplace=FLIPKART&srno=b_2_26&otracker=browse&fm=organic&iid=422e3eaa-b3a1-492e-947b-9f9f43c20943.MOBFGJU8V3JMCZ5Z.SEARCH&ssid=3hk9kbf6mo0000001599323471600
,,,,,,
26,"Infinix S4 (Space Gray, 64 GB)  (4 GB RAM)","9,599",4.2,"22,415 Ratings "," 2,813 Reviews",https://www.flipkart.com/infinix-s4-space-gray-64-gb/p/itmfgzqqkgqgttyh?pid=MOBFGZQQDHTNY368&lid=LSTMOBFGZQQDHTNY368IOHGID&marketplace=FLIPKART&srno=b_2_27&otracker=browse&fm=organic&iid=422e3eaa-b3a1-492e-947b-9f9f43c20943.MOBFGZQQDHTNY368.SEARCH&ssid=3hk9kbf6mo0000001599323471600
,,,,,,
27,"Infinix Note 5 (Milan Black, 64 GB)  (4 GB RAM)","7,699",4.2,"8,266 Ratings "," 1,112 Reviews",https://www.flipkart.com/infinix-note-5-milan-black-64-gb/p/itmf84r8hrdzuzvf?pid=MOBF84R8QJMU6KTF&lid=LSTMOBF84R8QJMU6KTFQKE6EC&marketplace=FLIPKART&srno=b_2_28&otracker=browse&fm=organic&iid=422e3eaa-b3a1-492e-947b-9f9f43c20943.MOBF84R8QJMU6KTF.SEARCH&ssid=3hk9kbf6mo0000001599323471600
,,,,,,
28,"Infinix Smart 3 Plus (Midnight Black, 32 GB)  (2 GB RAM)","7,499",4.2,"78,039 Ratings "," 10,486 Reviews",https://www.flipkart.com/infinix-smart-3-plus-midnight-black-32-gb/p/itmffnu4txbsjzem?pid=MOBFFNU4KDGYPHQY&lid=LSTMOBFFNU4KDGYPHQYZCOIPL&marketplace=FLIPKART&srno=b_2_29&otracker=browse&fm=organic&iid=422e3eaa-b3a1-492e-947b-9f9f43c20943.MOBFFNU4KDGYPHQY.SEARCH&ssid=3hk9kbf6mo0000001599323471600
,,,,,,
29,"Infinix Smart 3 Plus (Mocha Brown, 32 GB)  (2 GB RAM)","7,499",4.2,"78,039 Ratings "," 10,486 Reviews",https://www.flipkart.com/infinix-smart-3-plus-mocha-brown-32-gb/p/itmffnu4txbsjzem?pid=MOBFGAYY4YXPXYCW&lid=LSTMOBFGAYY4YXPXYCWSH6OMB&marketplace=FLIPKART&srno=b_2_30&otracker=browse&fm=organic&iid=422e3eaa-b3a1-492e-947b-9f9f43c20943.MOBFGAYY4YXPXYCW.SEARCH&ssid=3hk9kbf6mo0000001599323471600
,,,,,,
30,"Infinix S5 Lite (Quetzal Cyan, 64 GB)  (4 GB RAM)","8,499",4.3,"37,870 Ratings "," 4,082 Reviews",https://www.flipkart.com/infinix-s5-lite-quetzal-cyan-64-gb/p/itm8d3bbd7115184?pid=MOBFHW8BFB83S7H6&lid=LSTMOBFHW8BFB83S7H6MFEDJ7&marketplace=FLIPKART&srno=b_2_31&otracker=browse&fm=organic&iid=422e3eaa-b3a1-492e-947b-9f9f43c20943.MOBFHW8BFB83S7H6.SEARCH&ssid=3hk9kbf6mo0000001599323471600
,,,,,,
31,"Infinix S5 Lite (Violet, 64 GB)  (4 GB RAM)","8,499",4.3,"37,870 Ratings "," 4,082 Reviews",https://www.flipkart.com/infinix-s5-lite-violet-64-gb/p/itm8d3bbd7115184?pid=MOBFHW8BDG7SSK2W&lid=LSTMOBFHW8BDG7SSK2WL0N3GO&marketplace=FLIPKART&srno=b_2_32&otracker=browse&fm=organic&iid=422e3eaa-b3a1-492e-947b-9f9f43c20943.MOBFHW8BDG7SSK2W.SEARCH&ssid=3hk9kbf6mo0000001599323471600
,,,,,,
32,"Infinix S5 Lite (Midnight Black, 64 GB)  (4 GB RAM)","8,499",4.3,"37,870 Ratings "," 4,082 Reviews",https://www.flipkart.com/infinix-s5-lite-midnight-black-64-gb/p/itm8d3bbd7115184?pid=MOBFHW8BMTNZZ23D&lid=LSTMOBFHW8BMTNZZ23D98CIIO&marketplace=FLIPKART&srno=b_2_33&otracker=browse&fm=organic&iid=422e3eaa-b3a1-492e-947b-9f9f43c20943.MOBFHW8BMTNZZ23D.SEARCH&ssid=3hk9kbf6mo0000001599323471600
,,,,,,
33,"Infinix Hot S3 (Blush Gold, 64 GB)  (4 GB RAM)","11,999",4.1,"11,201 Ratings "," 2,407 Reviews",https://www.flipkart.com/infinix-hot-s3-blush-gold-64-gb/p/itmf4uxphfrfekdt?pid=MOBF22VTNWHZMPTV&lid=LSTMOBF22VTNWHZMPTV458BGO&marketplace=FLIPKART&srno=b_2_34&otracker=browse&fm=organic&iid=422e3eaa-b3a1-492e-947b-9f9f43c20943.MOBF22VTNWHZMPTV.SEARCH&ssid=3hk9kbf6mo0000001599323471600
,,,,,,
34,"Infinix Hot S3 (Sandstone Black, 64 GB)  (4 GB RAM)","11,999",4.1,"11,201 Ratings "," 2,407 Reviews",https://www.flipkart.com/infinix-hot-s3-sandstone-black-64-gb/p/itmf4uxphfrfekdt?pid=MOBF22VTZGFZFGNR&lid=LSTMOBF22VTZGFZFGNRUCHRTL&marketplace=FLIPKART&srno=b_2_35&otracker=browse&fm=organic&iid=422e3eaa-b3a1-492e-947b-9f9f43c20943.MOBF22VTZGFZFGNR.SEARCH&ssid=3hk9kbf6mo0000001599323471600
,,,,,,
35,"Infinix Hot S3 (Topaz Blue, 64 GB)  (4 GB RAM)","11,999",4.1,"11,201 Ratings "," 2,407 Reviews",https://www.flipkart.com/infinix-hot-s3-topaz-blue-64-gb/p/itmf4uxphfrfekdt?pid=MOBF3S32CBQWWHZK&lid=LSTMOBF3S32CBQWWHZKKMQJFE&marketplace=FLIPKART&srno=b_2_36&otracker=browse&fm=organic&iid=422e3eaa-b3a1-492e-947b-9f9f43c20943.MOBF3S32CBQWWHZK.SEARCH&ssid=3hk9kbf6mo0000001599323471600
,,,,,,
36,"Infinix Zero 5 (Champagne Gold, 64 GB)  (6 GB RAM)","17,999",4.2,"8,330 Ratings "," 2,225 Reviews",https://www.flipkart.com/infinix-zero-5-champagne-gold-64-gb/p/itmeznc8n7msbg7x?pid=MOBEZM2MYZJMZU9E&lid=LSTMOBEZM2MYZJMZU9EC14LHC&marketplace=FLIPKART&srno=b_2_37&otracker=browse&fm=organic&iid=422e3eaa-b3a1-492e-947b-9f9f43c20943.MOBEZM2MYZJMZU9E.SEARCH&ssid=3hk9kbf6mo0000001599323471600
,,,,,,
37,"Infinix Zero 5 (Sandstone Black, 64 GB)  (6 GB RAM)","17,999",4.2,"8,330 Ratings "," 2,225 Reviews",https://www.flipkart.com/infinix-zero-5-sandstone-black-64-gb/p/itmeznc8n7msbg7x?pid=MOBEZM2MBXVMXBY7&lid=LSTMOBEZM2MBXVMXBY7EEA3EP&marketplace=FLIPKART&srno=b_2_38&otracker=browse&fm=organic&iid=422e3eaa-b3a1-492e-947b-9f9f43c20943.MOBEZM2MBXVMXBY7.SEARCH&ssid=3hk9kbf6mo0000001599323471600
,,,,,,
38,"Infinix Zero 5 (Bordeaux Red, 64 GB)  (6 GB RAM)","17,999",4.2,"8,330 Ratings "," 2,225 Reviews",https://www.flipkart.com/infinix-zero-5-bordeaux-red-64-gb/p/itmeznc8n7msbg7x?pid=MOBEZM2MBFGMSZWH&lid=LSTMOBEZM2MBFGMSZWHQ2VB9F&marketplace=FLIPKART&srno=b_2_39&otracker=browse&fm=organic&iid=422e3eaa-b3a1-492e-947b-9f9f43c20943.MOBEZM2MBFGMSZWH.SEARCH&ssid=3hk9kbf6mo0000001599323471600
,,,,,,
39,"Infinix S4 (Twilight Purple, 32 GB)  (3 GB RAM)","9,599",4.2,"27,885 Ratings "," 3,929 Reviews",https://www.flipkart.com/infinix-s4-twilight-purple-32-gb/p/itmfgju8hzamxzxx?pid=MOBFGJU8NKGEQ2HR&lid=LSTMOBFGJU8NKGEQ2HRNXMXGP&marketplace=FLIPKART&srno=b_2_40&otracker=browse&fm=organic&iid=422e3eaa-b3a1-492e-947b-9f9f43c20943.MOBFGJU8NKGEQ2HR.SEARCH&ssid=3hk9kbf6mo0000001599323471600
,,,,,,
40,"Infinix Hot 7 (Aqua Blue, 64 GB)  (4 GB RAM)","9,999",4.2,"26,135 Ratings "," 3,482 Reviews",https://www.flipkart.com/infinix-hot-7-aqua-blue-64-gb/p/itmfhvqduy3nrcuu?pid=MOBFHVQDF8GUHTH3&lid=LSTMOBFHVQDF8GUHTH3AK9BBG&marketplace=FLIPKART&srno=b_2_41&otracker=browse&fm=organic&iid=422e3eaa-b3a1-492e-947b-9f9f43c20943.MOBFHVQDF8GUHTH3.SEARCH&ssid=3hk9kbf6mo0000001599323471600
,,,,,,
41,"Infinix Note 5 (Ice Blue, 64 GB)  (4 GB RAM)","7,699",4.2,"8,266 Ratings "," 1,112 Reviews",https://www.flipkart.com/infinix-note-5-ice-blue-64-gb/p/itmf84r8hrdzuzvf?pid=MOBF84R8XBBNSGYQ&lid=LSTMOBF84R8XBBNSGYQV8OTHD&marketplace=FLIPKART&srno=b_2_42&otracker=browse&fm=organic&iid=422e3eaa-b3a1-492e-947b-9f9f43c20943.MOBF84R8XBBNSGYQ.SEARCH&ssid=3hk9kbf6mo0000001599323471600
,,,,,,
42,"Infinix Hot S3 (Sandstone Black, 32 GB)  (3 GB RAM)","9,999",4.2,"51,864 Ratings "," 11,922 Reviews",https://www.flipkart.com/infinix-hot-s3-sandstone-black-32-gb/p/itmf5fhmgpg3mzuj?pid=MOBF22VTC5PCHKDB&lid=LSTMOBF22VTC5PCHKDBJK9REU&marketplace=FLIPKART&srno=b_2_43&otracker=browse&fm=organic&iid=422e3eaa-b3a1-492e-947b-9f9f43c20943.MOBF22VTC5PCHKDB.SEARCH&ssid=3hk9kbf6mo0000001599323471600
,,,,,,
43,"Infinix Hot S3 (Blush Gold, 32 GB)  (3 GB RAM)","9,999",4.2,"51,864 Ratings "," 11,922 Reviews",https://www.flipkart.com/infinix-hot-s3-blush-gold-32-gb/p/itmf5fhmgpg3mzuj?pid=MOBF22VTWZVGR8GG&lid=LSTMOBF22VTWZVGR8GGHZPOBX&marketplace=FLIPKART&srno=b_2_44&otracker=browse&fm=organic&iid=422e3eaa-b3a1-492e-947b-9f9f43c20943.MOBF22VTWZVGR8GG.SEARCH&ssid=3hk9kbf6mo0000001599323471600
,,,,,,
44,"Infinix Hot S3 (Bordeaux Red, 32 GB)  (3 GB RAM)","9,999",4.2,"51,864 Ratings "," 11,922 Reviews",https://www.flipkart.com/infinix-hot-s3-bordeaux-red-32-gb/p/itmf5fhmgpg3mzuj?pid=MOBF3S32F25UHP5S&lid=LSTMOBF3S32F25UHP5SROQS8M&marketplace=FLIPKART&srno=b_2_45&otracker=browse&fm=organic&iid=422e3eaa-b3a1-492e-947b-9f9f43c20943.MOBF3S32F25UHP5S.SEARCH&ssid=3hk9kbf6mo0000001599323471600
,,,,,,
45,"Infinix Hot S3 (Topaz Blue, 32 GB)  (3 GB RAM)","9,999",4.2,"51,864 Ratings "," 11,922 Reviews",https://www.flipkart.com/infinix-hot-s3-topaz-blue-32-gb/p/itmf5fhmgpg3mzuj?pid=MOBF3S32SGYWWYM6&lid=LSTMOBF3S32SGYWWYM6YDSJMU&marketplace=FLIPKART&srno=b_2_46&otracker=browse&fm=organic&iid=422e3eaa-b3a1-492e-947b-9f9f43c20943.MOBF3S32SGYWWYM6.SEARCH&ssid=3hk9kbf6mo0000001599323471600
,,,,,,
46,"Infinix Note 4 (Milan Black, 32 GB)  (3 GB RAM)","8,999",4.2,"62,546 Ratings "," 17,187 Reviews",https://www.flipkart.com/infinix-note-4-milan-black-32-gb/p/itmewf3utfdfh3nf?pid=MOBEWF3UPGQHFJXG&lid=LSTMOBEWF3UPGQHFJXG2BIN4U&marketplace=FLIPKART&srno=b_2_47&otracker=browse&fm=organic&iid=422e3eaa-b3a1-492e-947b-9f9f43c20943.MOBEWF3UPGQHFJXG.SEARCH&ssid=3hk9kbf6mo0000001599323471600
,,,,,,
47,"Infinix Note 5 (Berlin Gray, 64 GB)  (4 GB RAM)","7,699",4.2,"8,266 Ratings "," 1,112 Reviews",https://www.flipkart.com/infinix-note-5-berlin-gray-64-gb/p/itmf84r8hrdzuzvf?pid=MOBF84R89ECB9GZG&lid=LSTMOBF84R89ECB9GZGRH03O0&marketplace=FLIPKART&srno=b_2_48&otracker=browse&fm=organic&iid=422e3eaa-b3a1-492e-947b-9f9f43c20943.MOBF84R89ECB9GZG.SEARCH&ssid=3hk9kbf6mo0000001599323471600
,,,,,,
48,"Infinix Zero 5 Pro (Bronze Gold Black, 128 GB)  (6 GB RAM)","19,999",4.3,"3,160 Ratings ", 909 Reviews,https://www.flipkart.com/infinix-zero-5-pro-bronze-gold-black-128-gb/p/itmezm2mt2jt9nqj?pid=MOBEZM2MX87HCSJE&lid=LSTMOBEZM2MX87HCSJESBLDYJ&marketplace=FLIPKART&srno=b_3_49&otracker=browse&fm=organic&iid=039c1453-6b2c-4a4c-90d1-9d619a18539f.MOBEZM2MX87HCSJE.SEARCH&ssid=meq5zxa3pc0000001599323473901
,,,,,,
49,"Infinix S4 (Twilight Purple, 64 GB)  (4 GB RAM)","9,599",4.2,"22,415 Ratings "," 2,813 Reviews",https://www.flipkart.com/infinix-s4-twilight-purple-64-gb/p/itmfgzqqkgqgttyh?pid=MOBFGZQQFK2HY4MN&lid=LSTMOBFGZQQFK2HY4MNQPOAJN&marketplace=FLIPKART&srno=b_3_50&otracker=browse&fm=organic&iid=039c1453-6b2c-4a4c-90d1-9d619a18539f.MOBFGZQQFK2HY4MN.SEARCH&ssid=meq5zxa3pc0000001599323473901
,,,,,,
50,"Infinix S4 (Nebula Blue, 64 GB)  (4 GB RAM)","9,599",4.2,"22,415 Ratings "," 2,813 Reviews",https://www.flipkart.com/infinix-s4-nebula-blue-64-gb/p/itmfgzqqkgqgttyh?pid=MOBFGZQQKDZGMKQQ&lid=LSTMOBFGZQQKDZGMKQQFRL7VV&marketplace=FLIPKART&srno=b_3_51&otracker=browse&fm=organic&iid=039c1453-6b2c-4a4c-90d1-9d619a18539f.MOBFGZQQKDZGMKQQ.SEARCH&ssid=meq5zxa3pc0000001599323473901
,,,,,,
51,"Infinix Note 4 (Ice Blue, 32 GB)  (3 GB RAM)","8,999",4.2,"62,546 Ratings "," 17,187 Reviews",https://www.flipkart.com/infinix-note-4-ice-blue-32-gb/p/itmewf3utfdfh3nf?pid=MOBEWF3UCTQT3M6G&lid=LSTMOBEWF3UCTQT3M6GJ3ADXL&marketplace=FLIPKART&srno=b_3_52&otracker=browse&fm=organic&iid=039c1453-6b2c-4a4c-90d1-9d619a18539f.MOBEWF3UCTQT3M6G.SEARCH&ssid=meq5zxa3pc0000001599323473901
,,,,,,
52,"Infinix Note 4 (Champagne Gold, 32 GB)  (3 GB RAM)","8,999",4.2,"62,546 Ratings "," 17,187 Reviews",https://www.flipkart.com/infinix-note-4-champagne-gold-32-gb/p/itmewf3utfdfh3nf?pid=MOBEWF3UK5RQZJRA&lid=LSTMOBEWF3UK5RQZJRAOKPDKP&marketplace=FLIPKART&srno=b_3_53&otracker=browse&fm=organic&iid=039c1453-6b2c-4a4c-90d1-9d619a18539f.MOBEWF3UK5RQZJRA.SEARCH&ssid=meq5zxa3pc0000001599323473901
,,,,,,
53,"Infinix Hot 4 Pro (Quartz Black, 16 GB)  (3 GB RAM)","7,499",4,"59,335 Ratings "," 13,484 Reviews",https://www.flipkart.com/infinix-hot-4-pro-quartz-black-16-gb/p/itmeuyd9kzvzmyx6?pid=MOBEUF42VHXZSQV7&lid=LSTMOBEUF42VHXZSQV7YTF2IS&marketplace=FLIPKART&srno=b_3_54&otracker=browse&fm=organic&iid=039c1453-6b2c-4a4c-90d1-9d619a18539f.MOBEUF42VHXZSQV7.SEARCH&ssid=meq5zxa3pc0000001599323473901
,,,,,,
54,"Infinix Hot 4 Pro (Bordeaux Red, 16 GB)  (3 GB RAM)","7,499",4,"59,335 Ratings "," 13,484 Reviews",https://www.flipkart.com/infinix-hot-4-pro-bordeaux-red-16-gb/p/itmeuyd9kzvzmyx6?pid=MOBEUF424KXTP9CT&lid=LSTMOBEUF424KXTP9CTEDER40&marketplace=FLIPKART&srno=b_3_55&otracker=browse&fm=organic&iid=039c1453-6b2c-4a4c-90d1-9d619a18539f.MOBEUF424KXTP9CT.SEARCH&ssid=meq5zxa3pc0000001599323473901
,,,,,,
55,"Infinix Hot 4 Pro (Magic Gold, 16 GB)  (3 GB RAM)","7,499",4,"59,335 Ratings "," 13,484 Reviews",https://www.flipkart.com/infinix-hot-4-pro-magic-gold-16-gb/p/itmeuyd9kzvzmyx6?pid=MOBEUF42PGDRYCQA&lid=LSTMOBEUF42PGDRYCQAXSRZKD&marketplace=FLIPKART&srno=b_3_56&otracker=browse&fm=organic&iid=039c1453-6b2c-4a4c-90d1-9d619a18539f.MOBEUF42PGDRYCQA.SEARCH&ssid=meq5zxa3pc0000001599323473901
,,,,,,
56,"Infinix Smart 2 (City Blue, 16 GB)  (2 GB RAM)","6,999",4.1,"69,752 Ratings "," 9,408 Reviews",https://www.flipkart.com/infinix-smart-2-city-blue-16-gb/p/itmf7f4yrzxdvv6p?pid=MOBF7F4Y6YWJ7R7Z&lid=LSTMOBF7F4Y6YWJ7R7ZWW8U0L&marketplace=FLIPKART&srno=b_3_57&otracker=browse&fm=organic&iid=039c1453-6b2c-4a4c-90d1-9d619a18539f.MOBF7F4Y6YWJ7R7Z.SEARCH&ssid=meq5zxa3pc0000001599323473901
,,,,,,
57,"Infinix Smart 2 (Bordeaux Red, 16 GB)  (2 GB RAM)","6,999",4.1,"69,752 Ratings "," 9,408 Reviews",https://www.flipkart.com/infinix-smart-2-bordeaux-red-16-gb/p/itmf7f4yrzxdvv6p?pid=MOBF7F4YHK2VJUES&lid=LSTMOBF7F4YHK2VJUESHI5PTQ&marketplace=FLIPKART&srno=b_3_58&otracker=browse&fm=organic&iid=039c1453-6b2c-4a4c-90d1-9d619a18539f.MOBF7F4YHK2VJUES.SEARCH&ssid=meq5zxa3pc0000001599323473901
,,,,,,
58,"Infinix Smart 2 (Sandstone Black, 16 GB)  (2 GB RAM)","6,399",4.1,"69,752 Ratings "," 9,408 Reviews",https://www.flipkart.com/infinix-smart-2-sandstone-black-16-gb/p/itmf7f4yrzxdvv6p?pid=MOBF7F4Y98FUDA5G&lid=LSTMOBF7F4Y98FUDA5G8BYSL1&marketplace=FLIPKART&srno=b_3_59&otracker=browse&fm=organic&iid=039c1453-6b2c-4a4c-90d1-9d619a18539f.MOBF7F4Y98FUDA5G.SEARCH&ssid=meq5zxa3pc0000001599323473901
,,,,,,
59,"Infinix Smart 2 (Serene Gold, 16 GB)  (2 GB RAM)","6,999",4.1,"69,752 Ratings "," 9,408 Reviews",https://www.flipkart.com/infinix-smart-2-serene-gold-16-gb/p/itmf7f4yrzxdvv6p?pid=MOBF7F4YTP3KGYYR&lid=LSTMOBF7F4YTP3KGYYRD1FP3V&marketplace=FLIPKART&srno=b_3_60&otracker=browse&fm=organic&iid=039c1453-6b2c-4a4c-90d1-9d619a18539f.MOBF7F4YTP3KGYYR.SEARCH&ssid=meq5zxa3pc0000001599323473901
,,,,,,
60,"Infinix Note 5 (Milan Black, 32 GB)  (3 GB RAM)","7,599",4.2,"34,913 Ratings "," 5,925 Reviews",https://www.flipkart.com/infinix-note-5-milan-black-32-gb/p/itmf84r83q9zz8x6?pid=MOBF84R8UBGBHBWA&lid=LSTMOBF84R8UBGBHBWAXQ30L6&marketplace=FLIPKART&srno=b_3_61&otracker=browse&fm=organic&iid=039c1453-6b2c-4a4c-90d1-9d619a18539f.MOBF84R8UBGBHBWA.SEARCH&ssid=meq5zxa3pc0000001599323473901
,,,,,,
61,"Infinix Hot 7 Pro (Midnight Black, 64 GB)  (6 GB RAM)","10,999",4.2,"10,296 Ratings "," 1,599 Reviews",https://www.flipkart.com/infinix-hot-7-pro-midnight-black-64-gb/p/itmfhbn55zpghhgm?pid=MOBFHBN5CNZHNGRN&lid=LSTMOBFHBN5CNZHNGRNMHEZKF&marketplace=FLIPKART&srno=b_3_62&otracker=browse&fm=organic&iid=039c1453-6b2c-4a4c-90d1-9d619a18539f.MOBFHBN5CNZHNGRN.SEARCH&ssid=meq5zxa3pc0000001599323473901
,,,,,,
62,"Infinix Hot 7 Pro (Aqua Blue, 64 GB)  (6 GB RAM)","10,999",4.2,"10,296 Ratings "," 1,599 Reviews",https://www.flipkart.com/infinix-hot-7-pro-aqua-blue-64-gb/p/itmfhbn55zpghhgm?pid=MOBFHBN5HGGGD2YS&lid=LSTMOBFHBN5HGGGD2YSCMOQIQ&marketplace=FLIPKART&srno=b_3_63&otracker=browse&fm=organic&iid=039c1453-6b2c-4a4c-90d1-9d619a18539f.MOBFHBN5HGGGD2YS.SEARCH&ssid=meq5zxa3pc0000001599323473901
,,,,,,
63,"Infinix Hot 7 Pro (Mocha Brown, 64 GB)  (6 GB RAM)","10,999",4.2,"10,296 Ratings "," 1,599 Reviews",https://www.flipkart.com/infinix-hot-7-pro-mocha-brown-64-gb/p/itmfhbn55zpghhgm?pid=MOBFHCXRTAUDWTHP&lid=LSTMOBFHCXRTAUDWTHPGJKZWF&marketplace=FLIPKART&srno=b_3_64&otracker=browse&fm=organic&iid=039c1453-6b2c-4a4c-90d1-9d619a18539f.MOBFHCXRTAUDWTHP.SEARCH&ssid=meq5zxa3pc0000001599323473901
,,,,,,
64,"Infinix S5 (Violet, 64 GB)  (4 GB RAM)","9,599",4.3,"14,955 Ratings "," 2,140 Reviews",https://www.flipkart.com/infinix-s5-violet-64-gb/p/itm72d6b9a1d7b36?pid=MOBFHF96ZKF2UXGM&lid=LSTMOBFHF96ZKF2UXGM4LITSJ&marketplace=FLIPKART&srno=b_3_65&otracker=browse&fm=organic&iid=039c1453-6b2c-4a4c-90d1-9d619a18539f.MOBFHF96ZKF2UXGM.SEARCH&ssid=meq5zxa3pc0000001599323473901
,,,,,,
65,"Infinix S5 (Quetzal Cyan, 64 GB)  (4 GB RAM)","9,599",4.3,"14,955 Ratings "," 2,140 Reviews",https://www.flipkart.com/infinix-s5-quetzal-cyan-64-gb/p/itm72d6b9a1d7b36?pid=MOBFHF9694QVDZMK&lid=LSTMOBFHF9694QVDZMKGNLKCF&marketplace=FLIPKART&srno=b_3_66&otracker=browse&fm=organic&iid=039c1453-6b2c-4a4c-90d1-9d619a18539f.MOBFHF9694QVDZMK.SEARCH&ssid=meq5zxa3pc0000001599323473901
,,,,,,
66,"Infinix HOT 6 Pro (Bordeaux Red, 32 GB)  (3 GB RAM)","8,999",4.3,"25,710 Ratings "," 4,928 Reviews",https://www.flipkart.com/infinix-hot-6-pro-bordeaux-red-32-gb/p/itmf5zzvagf8er6f?pid=MOBF5ZZVAFFD7ZHZ&lid=LSTMOBF5ZZVAFFD7ZHZDAFIMC&marketplace=FLIPKART&srno=b_3_67&otracker=browse&fm=organic&iid=039c1453-6b2c-4a4c-90d1-9d619a18539f.MOBF5ZZVAFFD7ZHZ.SEARCH&ssid=meq5zxa3pc0000001599323473901
,,,,,,
67,"Infinix HOT 6 Pro (Sandstone Black, 32 GB)  (3 GB RAM)","8,999",4.3,"25,710 Ratings "," 4,928 Reviews",https://www.flipkart.com/infinix-hot-6-pro-sandstone-black-32-gb/p/itmf5zzvagf8er6f?pid=MOBF5ZZVQMFWANGV&lid=LSTMOBF5ZZVQMFWANGVH3C7T8&marketplace=FLIPKART&srno=b_3_68&otracker=browse&fm=organic&iid=039c1453-6b2c-4a4c-90d1-9d619a18539f.MOBF5ZZVQMFWANGV.SEARCH&ssid=meq5zxa3pc0000001599323473901
,,,,,,
68,"Infinix HOT 6 Pro (Magic Gold, 32 GB)  (3 GB RAM)","8,999",4.3,"25,710 Ratings "," 4,928 Reviews",https://www.flipkart.com/infinix-hot-6-pro-magic-gold-32-gb/p/itmf5zzvagf8er6f?pid=MOBF5ZZVC5A2SPFG&lid=LSTMOBF5ZZVC5A2SPFGDPSVOM&marketplace=FLIPKART&srno=b_3_69&otracker=browse&fm=organic&iid=039c1453-6b2c-4a4c-90d1-9d619a18539f.MOBF5ZZVC5A2SPFG.SEARCH&ssid=meq5zxa3pc0000001599323473901
,,,,,,
69,"Infinix HOT 6 Pro (City Blue, 32 GB)  (3 GB RAM)","8,999",4.3,"25,710 Ratings "," 4,928 Reviews",https://www.flipkart.com/infinix-hot-6-pro-city-blue-32-gb/p/itmf5zzvagf8er6f?pid=MOBF5ZZVYCUFJ9NQ&lid=LSTMOBF5ZZVYCUFJ9NQVUHL6A&marketplace=FLIPKART&srno=b_3_70&otracker=browse&fm=organic&iid=039c1453-6b2c-4a4c-90d1-9d619a18539f.MOBF5ZZVYCUFJ9NQ.SEARCH&ssid=meq5zxa3pc0000001599323473901
,,,,,,
70,"Infinix Note 5 (Ice Blue, 32 GB)  (3 GB RAM)","7,599",4.2,"34,913 Ratings "," 5,925 Reviews",https://www.flipkart.com/infinix-note-5-ice-blue-32-gb/p/itmf84r83q9zz8x6?pid=MOBF84R8BZYUNJH9&lid=LSTMOBF84R8BZYUNJH9SILR7I&marketplace=FLIPKART&srno=b_3_71&otracker=browse&fm=organic&iid=039c1453-6b2c-4a4c-90d1-9d619a18539f.MOBF84R8BZYUNJH9.SEARCH&ssid=meq5zxa3pc0000001599323473901
,,,,,,
71,"Infinix Hot 7 (Mocha Brown, 64 GB)  (4 GB RAM)","9,999",4.2,"26,135 Ratings "," 3,482 Reviews",https://www.flipkart.com/infinix-hot-7-mocha-brown-64-gb/p/itmfhvqduy3nrcuu?pid=MOBFHVQDZYFGSFJT&lid=LSTMOBFHVQDZYFGSFJTYH3SYL&marketplace=FLIPKART&srno=b_3_72&otracker=browse&fm=organic&iid=039c1453-6b2c-4a4c-90d1-9d619a18539f.MOBFHVQDZYFGSFJT.SEARCH&ssid=meq5zxa3pc0000001599323473901
,,,,,,
72,"Infinix Smart 2 (City Blue, 32 GB)  (3 GB RAM)","7,499",4,"35,635 Ratings "," 4,021 Reviews",https://www.flipkart.com/infinix-smart-2-city-blue-32-gb/p/itmf7wy6w29wymyp?pid=MOBF7F4YFP4DZHWG&lid=LSTMOBF7F4YFP4DZHWG8PGVME&marketplace=FLIPKART&srno=b_4_73&otracker=browse&fm=organic&iid=d98764d7-ccf3-4bda-86cd-7fa9bd504648.MOBF7F4YFP4DZHWG.SEARCH&ssid=pnkgta36cg0000001599323476116
,,,,,,
73,"Infinix S4 (Nebula Blue, 32 GB)  (3 GB RAM)","9,599",4.2,"27,885 Ratings "," 3,929 Reviews",https://www.flipkart.com/infinix-s4-nebula-blue-32-gb/p/itmfgju8hzamxzxx?pid=MOBFGJU8VTGQ9KD6&lid=LSTMOBFGJU8VTGQ9KD6OSXKAA&marketplace=FLIPKART&srno=b_4_74&otracker=browse&fm=organic&iid=d98764d7-ccf3-4bda-86cd-7fa9bd504648.MOBFGJU8VTGQ9KD6.SEARCH&ssid=pnkgta36cg0000001599323476116
